"filename", "language", "XML", "JSON with Comments", "Java", "HTML", "Markdown", "JSON", "YAML", "comment", "blank", "total"
"e:\codes\idea_workspace\demo\pom.xml", "XML", 175, 0, 0, 0, 0, 0, 0, 22, 14, 211
"e:\codes\idea_workspace\demo\src\.VSCodeCounter\2024-09-05_08-47-38\details.md", "Markdown", 0, 0, 0, 0, 44, 0, 0, 0, 6, 50
"e:\codes\idea_workspace\demo\src\.VSCodeCounter\2024-09-05_08-47-38\diff-details.md", "Markdown", 0, 0, 0, 0, 9, 0, 0, 0, 6, 15
"e:\codes\idea_workspace\demo\src\.VSCodeCounter\2024-09-05_08-47-38\diff.md", "Markdown", 0, 0, 0, 0, 12, 0, 0, 0, 7, 19
"e:\codes\idea_workspace\demo\src\.VSCodeCounter\2024-09-05_08-47-38\results.json", "JSON", 0, 0, 0, 0, 0, 1, 0, 0, 0, 1
"e:\codes\idea_workspace\demo\src\.VSCodeCounter\2024-09-05_08-47-38\results.md", "Markdown", 0, 0, 0, 0, 56, 0, 0, 0, 7, 63
"e:\codes\idea_workspace\demo\src\main\java\cn\edu\seu\demo\DemoApplication.java", "Java", 0, 0, 14, 0, 0, 0, 0, 0, 5, 19
"e:\codes\idea_workspace\demo\src\main\java\cn\edu\seu\demo\config\WebConfig.java", "Java", 0, 0, 25, 0, 0, 0, 0, 4, 3, 32
"e:\codes\idea_workspace\demo\src\main\java\cn\edu\seu\demo\controller\AdminController\AdminController.java", "Java", 0, 0, 41, 0, 0, 0, 0, 10, 12, 63
"e:\codes\idea_workspace\demo\src\main\java\cn\edu\seu\demo\controller\AdminController\AdminDataController.java", "Java", 0, 0, 47, 0, 0, 0, 0, 22, 11, 80
"e:\codes\idea_workspace\demo\src\main\java\cn\edu\seu\demo\controller\AdminController\AdminLoginController.java", "Java", 0, 0, 48, 0, 0, 0, 0, 9, 10, 67
"e:\codes\idea_workspace\demo\src\main\java\cn\edu\seu\demo\controller\UserController\LoginController.java", "Java", 0, 0, 83, 0, 0, 0, 0, 13, 16, 112
"e:\codes\idea_workspace\demo\src\main\java\cn\edu\seu\demo\controller\UserController\UserNewsRecommendController.java", "Java", 0, 0, 54, 0, 0, 0, 0, 41, 11, 106
"e:\codes\idea_workspace\demo\src\main\java\cn\edu\seu\demo\controller\UserController\UserNewsSummarizeController.java", "Java", 0, 0, 68, 0, 0, 0, 0, 26, 10, 104
"e:\codes\idea_workspace\demo\src\main\java\cn\edu\seu\demo\exception\GlobalExceptionHandler.java", "Java", 0, 0, 12, 0, 0, 0, 0, 3, 4, 19
"e:\codes\idea_workspace\demo\src\main\java\cn\edu\seu\demo\exception\UserRequestInProgressException.java", "Java", 0, 0, 6, 0, 0, 0, 0, 0, 2, 8
"e:\codes\idea_workspace\demo\src\main\java\cn\edu\seu\demo\intercepter\LoginCheckInterceptor.java", "Java", 0, 0, 41, 0, 0, 0, 0, 8, 5, 54
"e:\codes\idea_workspace\demo\src\main\java\cn\edu\seu\demo\mapper\AdminMapper\AdminDataMapper.java", "Java", 0, 0, 28, 0, 0, 0, 0, 0, 11, 39
"e:\codes\idea_workspace\demo\src\main\java\cn\edu\seu\demo\mapper\AdminMapper\AdminLoginMapper.java", "Java", 0, 0, 9, 0, 0, 0, 0, 0, 3, 12
"e:\codes\idea_workspace\demo\src\main\java\cn\edu\seu\demo\mapper\AdminMapper\AdminMapper.java", "Java", 0, 0, 17, 0, 0, 0, 0, 0, 8, 25
"e:\codes\idea_workspace\demo\src\main\java\cn\edu\seu\demo\mapper\MySystemMapper.java", "Java", 0, 0, 12, 0, 0, 0, 0, 0, 5, 17
"e:\codes\idea_workspace\demo\src\main\java\cn\edu\seu\demo\mapper\UserMapper\LoginMapper.java", "Java", 0, 0, 13, 0, 0, 0, 0, 0, 6, 19
"e:\codes\idea_workspace\demo\src\main\java\cn\edu\seu\demo\mapper\UserMapper\UserNewsRecommendMapper.java", "Java", 0, 0, 20, 0, 0, 0, 0, 53, 17, 90
"e:\codes\idea_workspace\demo\src\main\java\cn\edu\seu\demo\mapper\UserMapper\UserNewsSummarizeMapper.java", "Java", 0, 0, 23, 0, 0, 0, 0, 0, 8, 31
"e:\codes\idea_workspace\demo\src\main\java\cn\edu\seu\demo\pojo\Admin.java", "Java", 0, 0, 12, 0, 0, 0, 0, 0, 3, 15
"e:\codes\idea_workspace\demo\src\main\java\cn\edu\seu\demo\pojo\Classify.java", "Java", 0, 0, 12, 0, 0, 0, 0, 0, 4, 16
"e:\codes\idea_workspace\demo\src\main\java\cn\edu\seu\demo\pojo\History.java", "Java", 0, 0, 14, 0, 0, 0, 0, 0, 4, 18
"e:\codes\idea_workspace\demo\src\main\java\cn\edu\seu\demo\pojo\HistoryText.java", "Java", 0, 0, 15, 0, 0, 0, 0, 0, 4, 19
"e:\codes\idea_workspace\demo\src\main\java\cn\edu\seu\demo\pojo\News.java", "Java", 0, 0, 16, 0, 0, 0, 0, 2, 4, 22
"e:\codes\idea_workspace\demo\src\main\java\cn\edu\seu\demo\pojo\NoContentNews.java", "Java", 0, 0, 31, 0, 0, 0, 0, 0, 5, 36
"e:\codes\idea_workspace\demo\src\main\java\cn\edu\seu\demo\pojo\PageBean.java", "Java", 0, 0, 12, 0, 0, 0, 0, 1, 5, 18
"e:\codes\idea_workspace\demo\src\main\java\cn\edu\seu\demo\pojo\RawNews.java", "Java", 0, 0, 10, 0, 0, 0, 0, 0, 4, 14
"e:\codes\idea_workspace\demo\src\main\java\cn\edu\seu\demo\pojo\Result.java", "Java", 0, 0, 21, 0, 0, 0, 0, 3, 4, 28
"e:\codes\idea_workspace\demo\src\main\java\cn\edu\seu\demo\pojo\Source.java", "Java", 0, 0, 11, 0, 0, 0, 0, 0, 3, 14
"e:\codes\idea_workspace\demo\src\main\java\cn\edu\seu\demo\pojo\User.java", "Java", 0, 0, 13, 0, 0, 0, 0, 0, 3, 16
"e:\codes\idea_workspace\demo\src\main\java\cn\edu\seu\demo\service\AdminService\AdminDataService.java", "Java", 0, 0, 11, 0, 0, 0, 0, 0, 8, 19
"e:\codes\idea_workspace\demo\src\main\java\cn\edu\seu\demo\service\AdminService\AdminService.java", "Java", 0, 0, 12, 0, 0, 0, 0, 0, 8, 20
"e:\codes\idea_workspace\demo\src\main\java\cn\edu\seu\demo\service\AdminService\Impl\AdminDataServiceImpl.java", "Java", 0, 0, 66, 0, 0, 0, 0, 1, 10, 77
"e:\codes\idea_workspace\demo\src\main\java\cn\edu\seu\demo\service\AdminService\Impl\AdminLoginServiceImpl.java", "Java", 0, 0, 17, 0, 0, 0, 0, 0, 4, 21
"e:\codes\idea_workspace\demo\src\main\java\cn\edu\seu\demo\service\AdminService\Impl\AdminServiceImpl.java", "Java", 0, 0, 46, 0, 0, 0, 0, 9, 8, 63
"e:\codes\idea_workspace\demo\src\main\java\cn\edu\seu\demo\service\AdminService\LoginService.java", "Java", 0, 0, 5, 0, 0, 0, 0, 0, 4, 9
"e:\codes\idea_workspace\demo\src\main\java\cn\edu\seu\demo\service\UserService\LoginService.java", "Java", 0, 0, 7, 0, 0, 0, 0, 0, 6, 13
"e:\codes\idea_workspace\demo\src\main\java\cn\edu\seu\demo\service\UserService\UserNewsRecommendService.java", "Java", 0, 0, 10, 0, 0, 0, 0, 2, 10, 22
"e:\codes\idea_workspace\demo\src\main\java\cn\edu\seu\demo\service\UserService\UserNewsSummarizeService.java", "Java", 0, 0, 15, 0, 0, 0, 0, 0, 9, 24
"e:\codes\idea_workspace\demo\src\main\java\cn\edu\seu\demo\service\UserService\impl\LoginServiceImpl.java", "Java", 0, 0, 25, 0, 0, 0, 0, 0, 5, 30
"e:\codes\idea_workspace\demo\src\main\java\cn\edu\seu\demo\service\UserService\impl\UserNewsRecommendServiceImpl.java", "Java", 0, 0, 95, 0, 0, 0, 0, 72, 27, 194
"e:\codes\idea_workspace\demo\src\main\java\cn\edu\seu\demo\service\UserService\impl\UserNewsSummarizeServiceImpl.java", "Java", 0, 0, 72, 0, 0, 0, 0, 6, 10, 88
"e:\codes\idea_workspace\demo\src\main\java\cn\edu\seu\demo\utils\ChatClient.java", "Java", 0, 0, 95, 0, 0, 0, 0, 22, 28, 145
"e:\codes\idea_workspace\demo\src\main\java\cn\edu\seu\demo\utils\CmdExecutor.java", "Java", 0, 0, 41, 0, 0, 0, 0, 6, 13, 60
"e:\codes\idea_workspace\demo\src\main\java\cn\edu\seu\demo\utils\JwtUtils.java", "Java", 0, 0, 23, 0, 0, 0, 0, 22, 11, 56
"e:\codes\idea_workspace\demo\src\main\java\cn\edu\seu\demo\utils\Model_eval.java", "Java", 0, 0, 6, 0, 0, 0, 0, 30, 4, 40
"e:\codes\idea_workspace\demo\src\main\java\cn\edu\seu\demo\utils\MySystem.java", "Java", 0, 0, 53, 0, 0, 0, 0, 9, 13, 75
"e:\codes\idea_workspace\demo\src\main\java\cn\edu\seu\demo\utils\SHA256Hashing.java", "Java", 0, 0, 29, 0, 0, 0, 0, 5, 6, 40
"e:\codes\idea_workspace\demo\src\main\java\cn\edu\seu\demo\utils\SmsSend.java", "Java", 0, 0, 24, 0, 0, 0, 0, 13, 8, 45
"e:\codes\idea_workspace\demo\src\main\resources\application.yml", "YAML", 0, 0, 0, 0, 0, 0, 16, 19, 4, 39
"e:\codes\idea_workspace\demo\src\main\resources\cn\edu\seu\demo\mapper\MySystemMapper.xml", "XML", 6, 0, 0, 0, 0, 0, 0, 7, 0, 13
"e:\codes\idea_workspace\demo\src\main\resources\cn\edu\seu\demo\mapper\adminmapper\AdminDataMapper.xml", "XML", 6, 0, 0, 0, 0, 0, 0, 9, 1, 16
"e:\codes\idea_workspace\demo\src\main\resources\cn\edu\seu\demo\mapper\adminmapper\AdminMapper.xml", "XML", 6, 0, 0, 0, 0, 0, 0, 0, 2, 8
"e:\codes\idea_workspace\demo\src\main\resources\cn\edu\seu\demo\mapper\usermapper\UserNewsRecommendMapper.xml", "XML", 35, 0, 0, 0, 0, 0, 0, 16, 1, 52
"e:\codes\idea_workspace\demo\src\main\resources\config\config.json", "JSON with Comments", 0, 14, 0, 0, 0, 0, 0, 0, 0, 14
"e:\codes\idea_workspace\demo\src\main\resources\static\index.html", "HTML", 0, 0, 0, 6, 0, 0, 0, 0, 0, 6
"e:\codes\idea_workspace\demo\src\test\java\cn\edu\seu\demo\DemoApplicationTests.java", "Java", 0, 0, 66, 0, 0, 0, 0, 24, 12, 102
"Total", "-", 228, 14, 1446, 6, 121, 1, 16, 489, 442, 2763